M19,M48,,
M12,M52,,
M48,M54,,
M4,M18,,
M4,M20,,
M20,M46,,
M10,M45,,
M10,M47,,
M18,M54,,
M33,M70,,
M70,H7,,
M33,M68,,
M68,H11,,
M35,M68,,
M35,M63,,
M35,M88,,
M37,M57,,
M35,M105,,
M57,M90,,
M38,M57,,
M38,M42,,
M40,M42,,
M40,M91,,
M41,M50,,
M14,M71,,
M14,M55,,
M14,M56,,
M71,M85,,
M56,M92,,
M32,M34,,
M34,M39,,
M34,M92,,
M32,M51,,
M114,M115,,
M21,M58,,
M21,M62,,
M24,M62,,
M24,M53,,
M53,M59,,
M102,M127,,
M127,M130,,
M130,M131,,
M102,M103,,
M103,M122,,
M86,M137,,
M86,M118,,
M86,M120,,
M80,M120,,
M84,M120,,
M126,M132,,
M122,M124,,
M96,M100,,
M60,M82,,
M31,M82,,
M29,M30,,
M2,M28,,
M23,M43,,
M3,M43,,
M7,M44,,
M25,M94,,
M15,M49,,
M27,M49,,
M64,M65,,
M117,M119,,
M86,M118,,
M73,M66,,
M83,M108,,
M73,M108,,
TT1,M139,,
11B层,M118,,
11B层,M120,,
11B层,M132,,
11B层,M136,,
11B层,M137,,
11B层,M138,,
10E层,11B层,,
10E层,M109,,
M109,11B层,,
11B层,TT1,,
M118,TT1,,
M120,TT1,,
M132,TT1,,
M136,TT1,,
M137,TT1,,
8层,M87,,
8层,M93,,
8层,M94,,
8层,M95,,
8层,M98,,
8层,M104,,
8层,M108,,
8层,M110,,
8层,M111,,
M93,TT1,,
M95,11B层,,
M98,TT1,,
M104,11B层,,
M108,11B层,,
M108,TT1,,
M111,11B层,,
M97,8层,,
6层,M97,,
M89,8层,,
1层,M89,,
6层,M58,,
6层,M39,,
6层,M63,,
6层,M81,,
6层,M90,,
6层,M88,,
6层,M105,,
M89,TT2,,
M58,TT2,,
M63,TT2,,
M90,TT2,,
M105,TT2,,
5层,M42,,
5层,M50,,
5层,M51,,
5层,M60,,
5层,M69,,
5层,M82,,
5层,M91,,
5层,M92,,
5层,M54,,
5层,M61,,
5层,M76,,
M50,6层,,
M51,6层,,
M60,6层,,
M69,6层,,
M82,6层,,
M91,6层,,
M92,6层,,
M54,6层,,
M61,6层,,
M51,TT2,,
M91,TT2,,
S1,M76,,
8层,10E层,,
1层,5层,,
2层,M16,5层,
3层,M17,5层,
2层,M35,,
3层,M36,5层,
2层,M55,6层,
3层,M57,6层,
2层,M59,6层,
3层,M65,5层,
3层,M66,8层,
2层,M68,5层,
2层,M72,,
3层,M77,,
1层,M78,,
3层,M100,5层,
1层,M114,M115,8层
1层,M116,8层,
1层,M121,8层,
1层,M123,8层,
1层,M127,,
1层,M128,8层,
1层,M129,8层,
HJ1,M130,,
HJ1,M131,,
3层,M2,5层,
2层,M14,5层,
2层,M18,5层,
2层,M21,5层,
3层,M23,5层,
3层,M28,5层,
3层,M30,5层,
3层,M31,5层,
2层,M32,,
2层,M37,5层,
2层,M38,5层,
3层,M43,5层,
3层,M45,M46,5层
3层,M47,5层,
3层,M48,5层,
3层,M52,5层,
2层,M53,5层,
2层,M56,6层,
2层,M62,6层,
3层,M67,5层,
2层,M70,,
2层,M71,,
3层,M74,,
2层,M85,,
3层,M96,5层,
3层,M106,5层,
3层,M107,5层,
3层,M112,,
1层,M119,8层,
1层,M124,,
HJ1,M124,,
1层,M125,,
HJ1,M125,,
3层,M2,5层,
3层,M3,5层,
2层,M4,5层,
2层,M5,5层,
3层,M7,5层,
2层,M9,5层,
3层,M10,5层,
3层,M11,5层,
3层,M12,5层,
3层,M13,5层,
2层,M15,5层,
2层,M19,5层,
2层,M20,,
3层,M22,5层,
2层,M24,5层,
2层,M26,5层,
3层,M29,5层,
2层,M33,5层,
2层,M40,5层,
2层,M41,5层,
3层,M44,5层,
2层,M49,5层,
3层,M64,M65,5层
3层,M73,8层,
1层,M75,,
3层,M79,,
2层,M83,,
1层,M86,8层,
3层,M101,5层,
1层,M102,M103,HJ1
1层,M117,8层,
1层,M122,HJ1,
1层,M126,8层,
1层,M140,8层,
1层,M25,8层,
1层,M80,8层,
1层,M84,8层,
1层,M99,8层,
2层,M27
3层,S1,5层
1层,HJ1,8层
HJ1,M127
HJ1,M138
M126,HJ1
